Reference;Value;Footprint;Qty;Notes
C_EN, C_IN2, C_OUT2;100nF;Capacitor_THT:C_Disc_D4.7mm_W2.5mm_P5.00mm;3;
R_EN;10k;Resistor_THT:R_Axial_DIN0207_L6.3mm_D2.5mm_P10.16mm_Horizontal;1;
C_LDO_IN;10uF/10V;Capacitor_THT:CP_Radial_D5.0mm_P2.00mm;1;
C_LDO_OUT;10uF/6.3V;Capacitor_THT:CP_Radial_D5.0mm_P2.00mm;1;
J1;12V_IN;Connector_PinHeader_2.54mm:PinHeader_1x02_P2.54mm_Vertical;1;
D_PUMP, D_V1, D_V2, D_V3;1N4007;Diode_THT:D_DO-41_SOD81_P10.16mm_Horizontal;4;
R_DIV1, R_PUMP, R_V1, R_V2, R_V3;1k;Resistor_THT:R_Axial_DIN0207_L6.3mm_D2.5mm_P10.16mm_Horizontal;5;
Q_PUMP, Q_V1, Q_V2, Q_V3;2N2222A;Package_TO_SOT_THT:TO-92_Inline;4;
R_DIV2;2k;Resistor_THT:R_Axial_DIN0207_L6.3mm_D2.5mm_P10.16mm_Horizontal;1;
C_OUT1;470uF/10V;Capacitor_THT:CP_Radial_D8.0mm_P3.50mm;1;
C_IN1;470uF/16V;Capacitor_THT:CP_Radial_D8.0mm_P3.50mm;1;
U_LDO;AMS1117-3.3;Package_TO_SOT_SMD:SOT-223-3_TabPin2;1;
U3;Arduino_Nano;Module:Arduino_Nano;1;
X5;DHT22;Connector_PinHeader_2.54mm:PinHeader_1x04_P2.54mm_Vertical;1;
U2;ESP32-CAM;smartsprinkler:ESP32-CAM;1;
SW1;FLOAT_SWITCH;Connector_PinHeader_2.54mm:PinHeader_1x03_P2.54mm_Vertical;1;
JP1;JMP_5V_ESP;Jumper:SolderJumper-2_P1.3mm_Bridged_Pad1.0x1.5mm;1;
U1;LM2596T-5;Package_TO_SOT_THT:TO-220-5_Vertical;1;
J3;PROG;Connector_PinHeader_2.54mm:PinHeader_1x06_P2.54mm_Vertical;1;
J_PUMP;PUMP_12V;Connector_PinHeader_2.54mm:PinHeader_1x02_P2.54mm_Vertical;1;
K_PUMP, K_V1, K_V2, K_V3;Relay_SPDT_12V;Relay_THT:Relay_SPDT_Hongfa_HF32F-G_5V;4;
X3;SOIL_CAROLINA_REAPER;Connector_PinHeader_2.54mm:PinHeader_1x03_P2.54mm_Vertical;1;
X1;SOIL_HABANERO;Connector_PinHeader_2.54mm:PinHeader_1x03_P2.54mm_Vertical;1;
X2;SOIL_NAGA_MORICH;Connector_PinHeader_2.54mm:PinHeader_1x03_P2.54mm_Vertical;1;
X4;SOIL_ROSMARINO;Connector_PinHeader_2.54mm:PinHeader_1x03_P2.54mm_Vertical;1;
J_V1;VALVE_1;Connector_PinHeader_2.54mm:PinHeader_1x02_P2.54mm_Vertical;1;
J_V2;VALVE_2;Connector_PinHeader_2.54mm:PinHeader_1x02_P2.54mm_Vertical;1;
J_V3;VALVE_3;Connector_PinHeader_2.54mm:PinHeader_1x02_P2.54mm_Vertical;1;
