"Id";"Riferimento";"Impronta";"Quantità";"Valore";"Produttore";
1;"";"";1;"";;;
2;"C1, C3";"CP_Radial_D8.0mm_P3.50mm";2;"470uF";;;
3;"C2, C4";"C_Disc_D4.7mm_W2.5mm_P5.00mm";2;"100nF";;;
4;"C5, C6";"CP_Radial_D5.0mm_P2.00mm";2;"10uF";;;
5;"C7";"CP_Radial_D5.0mm_P2.00mm";1;"100nF";;;
6;"D1, D2, D3, D4";"D_DO-41_SOD81_P10.16mm_Horizontal";4;"1N4007";;;
7;"D5";"D_SMA";1;"SS34";;;
8;"J1";"BarrelJack_Horizontal";1;"12V_IN";;;
9;"J2";"PinHeader_1x03_P2.54mm_Vertical";1;"SOIL_0";;;
10;"J3";"PinHeader_1x03_P2.54mm_Vertical";1;"SOIL_1";;;
11;"J4";"PinHeader_1x03_P2.54mm_Vertical";1;"SOIL_2";;;
12;"J5";"PinHeader_1x03_P2.54mm_Vertical";1;"SOIL_3";;;
13;"J6";"PinHeader_1x03_P2.54mm_Vertical";1;"DHT22";;;
14;"J7";"PinHeader_1x02_P2.54mm_Vertical";1;"FLOAT SENSOR";;;
15;"J8";"PinHeader_1x02_P2.54mm_Vertical";1;"VALVE1";;;
16;"J9";"PinHeader_1x02_P2.54mm_Vertical";1;"VALVE2";;;
17;"J10";"PinHeader_1x02_P2.54mm_Vertical";1;"VALVE3";;;
18;"J11";"PinHeader_1x02_P2.54mm_Vertical";1;"PUMP";;;
19;"J12";"PinHeader_1x07_P2.54mm_Vertical";1;"PROG";;;
20;"K1, K2, K3, K4";"Relay_SPDT_Omron-G5Q-1";4;"Relay_12V";;;
21;"L1";"L_Axial_L13.0mm_D4.5mm_P5.08mm_Vertical_Fastron_HCCC";1;"33uH";;;
22;"Q1, Q2, Q3, Q4";"TO-92_Inline";4;"2N2222A";;;
23;"R1, R3, R4, R5, R6";"R_Axial_DIN0207_L6.3mm_D2.5mm_P10.16mm_Horizontal";5;"1k";;;
24;"R2";"R_Axial_DIN0207_L6.3mm_D2.5mm_P10.16mm_Horizontal";1;"2k";;;
25;"R7, R8";"R_Axial_DIN0207_L6.3mm_D2.5mm_P10.16mm_Horizontal";2;"8k";;;
26;"U1";"TO-220-5_P3.4x3.7mm_StaggerOdd_Lead3.8mm_Vertical";1;"LM2596T-5";;;
27;"U2";"SOT-223-3_TabPin2";1;"AMS1117-3.3";;;
28;"U3";"ESP32-CAM";1;"ESP32-CAM";;;
29;"U4";"Arduino_Nano";1;"Arduino_Nano";;;
