# Name,   Type, SubType, Offset, Size, Flags
# 4MB flash (AI Thinker ESP32-CAM actual hardware; board JSON default).
# Dual-OTA: two 1.25MB app slots + FFat log/data partition + coredump, all = 0x400000.
# FFat (label must be "ffat" and subtype "fat"): FAT with wear-leveling, used by
# the on-device event log instead of LittleFS. Size must be >= ~528KB (132
# sectors of 4096B) or f_mkfs aborts with FR_MKFS_ABORTED (the old 320KB came
# from SPIFFS and was too small for FAT).
nvs,      data, nvs,     0x9000,  0x5000
otadata,  data, ota,     0xe000,  0x2000
app0,     app,  ota_0,   0x10000, 0x140000
app1,     app,  ota_1,   0x150000, 0x140000
ffat,     data, fat,     0x290000, 0x150000
coredump, data, coredump, 0x3E0000, 0x10000